{"stat.chestOpened":1,"stat.walkOneCm":109610,"stat.leaveGame":1,"stat.damageTaken":310,"stat.mineBlock.minecraft.red_flower":1,"stat.pickup.minecraft.planks":1,"stat.pickup.vampirism.item_tent":1,"stat.flyOneCm":14937,"stat.deaths":1,"stat.useItem.minecraft.mutton":6,"stat.jump":116,"stat.swimOneCm":3349,"stat.playOneMinute":53944,"stat.fallOneCm":2858,"stat.sneakTime":259,"stat.damageDealt":10,"stat.crouchOneCm":350,"stat.timeSinceDeath":39270,"stat.pickup.minecraft.sapling":1,"stat.pickup.minecraft.dirt":11,"stat.useItem.minecraft.dirt":3,"stat.sprintOneCm":10627,"stat.mineBlock.minecraft.dirt":11,"stat.useItem.minecraft.spawn_egg":1,"stat.mineBlock.minecraft.tallgrass":1,"stat.pickup.minecraft.mutton":6}