{"stat.chestOpened":2,"stat.pickup.minecraft.double_plant":1,"stat.walkOneCm":62166,"stat.leaveGame":4,"stat.jump":141,"stat.swimOneCm":76,"stat.fallOneCm":2475,"stat.entityKilledBy.Skeleton":1,"stat.pickup.minecraft.porkchop":3,"stat.crouchOneCm":457,"stat.pickup.minecraft.dirt":5,"stat.useItem.minecraft.dirt":2,"stat.sprintOneCm":10569,"stat.useItem.minecraft.stone_slab2":18,"stat.useItem.minecraft.water_bucket":3,"stat.damageTaken":240,"stat.mobKills":2,"stat.flyOneCm":99181,"stat.deaths":1,"stat.drop":1,"stat.mineBlock.minecraft.leaves":3,"stat.pickup.minecraft.egg":3,"stat.playOneMinute":35321,"stat.sneakTime":730,"stat.damageDealt":160,"stat.timeSinceDeath":28893,"stat.mineBlock.minecraft.dirt":5,"stat.drop.minecraft.diamond":1,"stat.killEntity.Pig":1}