{"stat.chestOpened":7,"stat.pickup.minecraft.double_plant":1,"stat.walkOneCm":112815,"stat.leaveGame":5,"stat.killEntity.gorgon":1,"stat.pickup.iceandfire.dragon_skull":1,"stat.drop.iceandfire.dragonbone":10,"stat.useItem.minecraft.diamond_sword":16,"stat.drop.minecraft.spawn_egg":1,"stat.jump":198,"stat.swimOneCm":4808,"stat.fallOneCm":2475,"stat.climbOneCm":220,"stat.entityKilledBy.Skeleton":1,"stat.pickup.minecraft.porkchop":3,"stat.crouchOneCm":912,"stat.pickup.minecraft.dirt":5,"stat.useItem.minecraft.dirt":2,"stat.sprintOneCm":17169,"stat.useItem.minecraft.stone_slab2":30,"stat.useItem.minecraft.water_bucket":6,"stat.drop.twilightforest.twilight_log":1,"stat.damageTaken":240,"stat.mobKills":4,"stat.drop.minecraft.elytra":1,"stat.aviateOneCm":270615,"stat.pickup.iceandfire.dragonbone":10,"stat.pickup.iceandfire.gorgon_head":1,"stat.flyOneCm":1012795,"stat.deaths":2,"stat.drop":16,"stat.pickup.minecraft.diamond":1,"stat.mineBlock.minecraft.leaves":3,"stat.pickup.minecraft.egg":3,"stat.playOneMinute":73708,"stat.sneakTime":2259,"stat.pickup.minecraft.elytra":1,"stat.damageDealt":1529,"stat.pickup.twilightforest.twilight_log":1,"stat.timeSinceDeath":34399,"stat.mineBlock.minecraft.dirt":5,"stat.drop.minecraft.diamond":3,"stat.useItem.minecraft.spawn_egg":1,"stat.killEntity.Pig":1,"stat.diveOneCm":21734}