{
  "minecraft:recipes/transportation/dark_oak_boat": {
    "criteria": {
      "entered_water": "2024-11-18 05:34:58 +0000"
    },
    "done": true
  },
  "minecraft:recipes/tools/diamond_pickaxe": {
    "criteria": {
      "has_diamond": "2024-11-18 05:51:48 +0000"
    },
    "done": true
  },
  "minecraft:recipes/tools/diamond_hoe": {
    "criteria": {
      "has_diamond": "2024-11-18 05:51:48 +0000"
    },
    "done": true
  },
  "minecraft:recipes/tools/diamond_shovel": {
    "criteria": {
      "has_diamond": "2024-11-18 05:51:48 +0000"
    },
    "done": true
  },
  "minecraft:recipes/food/cake": {
    "criteria": {
      "has_egg": "2024-11-18 05:52:58 +0000"
    },
    "done": true
  },
  "twilightforest:alt/major_landmarks/lich_tower": {
    "criteria": {
      "discover": "2024-11-18 05:53:47 +0000"
    },
    "done": true
  },
  "minecraft:recipes/misc/red_dye_from_rose_bush": {
    "criteria": {
      "has_double_plant": "2024-11-18 05:17:32 +0000"
    },
    "done": true
  },
  "twilightforest:alt/entities/arthopods": {
    "criteria": {
      "1": "2024-11-18 05:53:59 +0000"
    },
    "done": true
  },
  "twilightforest:alt/biomes/oak_savannah": {
    "criteria": {
      "discover": "2024-11-18 05:53:17 +0000"
    },
    "done": true
  },
  "minecraft:recipes/combat/diamond_chestplate": {
    "criteria": {
      "has_diamond": "2024-11-18 05:51:48 +0000"
    },
    "done": true
  },
  "twilightforest:alt/biomes/general_biomes": {
    "criteria": {
      "3": "2024-11-18 05:53:17 +0000"
    },
    "done": true
  },
  "minecraft:recipes/tools/diamond_axe": {
    "criteria": {
      "has_diamond": "2024-11-18 05:51:48 +0000"
    },
    "done": true
  },
  "twilightforest:alt/entities/animals": {
    "criteria": {
      "3": "2024-11-18 06:11:50 +0000"
    },
    "done": true
  },
  "iceandfire:iceandfire/gorgon_head": {
    "criteria": {
      "bestiary": "2024-11-18 06:52:13 +0000"
    },
    "done": true
  },
  "twilightforest:progress_naga": {
    "criteria": {
      "kill_mob": "2024-11-18 05:54:05 +0000"
    },
    "done": false
  },
  "minecraft:recipes/brewing/cauldron": {
    "criteria": {
      "has_water_bucket": "2024-11-18 05:51:50 +0000"
    },
    "done": true
  },
  "minecraft:adventure/adventuring_time": {
    "criteria": {
      "forest": "2024-11-18 05:16:40 +0000",
      "swampland": "2024-11-18 05:33:23 +0000",
      "birch_forest": "2024-11-18 06:38:20 +0000",
      "deep_ocean": "2024-11-18 06:56:08 +0000",
      "beaches": "2024-11-18 06:50:09 +0000",
      "desert_hills": "2024-11-18 06:40:02 +0000",
      "forest_hills": "2024-11-18 05:16:08 +0000",
      "savanna": "2024-11-18 06:38:37 +0000",
      "plains": "2024-11-18 06:29:43 +0000",
      "savanna_rock": "2024-11-18 06:48:56 +0000",
      "taiga": "2024-11-18 06:30:19 +0000",
      "taiga_hills": "2024-11-18 06:49:11 +0000",
      "ocean": "2024-11-18 06:50:10 +0000",
      "extreme_hills": "2024-11-18 06:38:15 +0000",
      "river": "2024-11-18 06:29:33 +0000",
      "desert": "2024-11-18 06:38:43 +0000",
      "stone_beach": "2024-11-18 06:50:15 +0000"
    },
    "done": false
  },
  "minecraft:recipes/combat/diamond_leggings": {
    "criteria": {
      "has_diamond": "2024-11-18 05:51:48 +0000"
    },
    "done": true
  },
  "twilightforest:root": {
    "criteria": {
      "make_portal": "2024-11-18 05:52:28 +0000"
    },
    "done": true
  },
  "twilightforest:alt/biomes/firefly_forest": {
    "criteria": {
      "discover": "2024-11-18 06:11:26 +0000"
    },
    "done": true
  },
  "iceandfire:iceandfire/root": {
    "criteria": {
      "tick": "2024-11-18 06:26:45 +0000"
    },
    "done": true
  },
  "minecraft:recipes/transportation/birch_boat": {
    "criteria": {
      "entered_water": "2024-11-18 05:34:58 +0000"
    },
    "done": true
  },
  "minecraft:recipes/decorations/chest": {
    "criteria": {
      "has_lots_of_items": "2024-11-18 06:52:54 +0000"
    },
    "done": true
  },
  "minecraft:end/elytra": {
    "criteria": {
      "elytra": "2024-11-18 06:34:38 +0000"
    },
    "done": true
  },
  "minecraft:recipes/combat/diamond_boots": {
    "criteria": {
      "has_diamond": "2024-11-18 05:51:48 +0000"
    },
    "done": true
  },
  "minecraft:story/mine_diamond": {
    "criteria": {
      "diamond": "2024-11-18 05:51:48 +0000"
    },
    "done": true
  },
  "twilightforest:twilight_hunter": {
    "criteria": {
      "swarm_spider": "2024-11-18 05:54:05 +0000"
    },
    "done": true
  },
  "twilightforest:arborist": {
    "criteria": {
      "twilight_oak_log": "2024-11-18 06:11:12 +0000"
    },
    "done": false
  },
  "minecraft:recipes/combat/diamond_helmet": {
    "criteria": {
      "has_diamond": "2024-11-18 05:51:48 +0000"
    },
    "done": true
  },
  "minecraft:recipes/misc/red_dye_from_poppy": {
    "criteria": {
      "has_red_flower": "2024-11-18 05:51:30 +0000"
    },
    "done": true
  },
  "twilightforest:alt/entities/swarm_spider": {
    "criteria": {
      "hurt": "2024-11-18 05:53:59 +0000"
    },
    "done": true
  },
  "minecraft:recipes/transportation/acacia_boat": {
    "criteria": {
      "entered_water": "2024-11-18 05:34:58 +0000"
    },
    "done": true
  },
  "minecraft:recipes/combat/diamond_sword": {
    "criteria": {
      "has_diamond": "2024-11-18 05:51:48 +0000"
    },
    "done": true
  },
  "twilightforest:alt/entities/raven": {
    "criteria": {
      "hurt": "2024-11-18 06:11:50 +0000"
    },
    "done": true
  },
  "minecraft:adventure/root": {
    "criteria": {
      "killed_something": "2024-11-18 05:33:08 +0000"
    },
    "done": true
  },
  "minecraft:recipes/transportation/boat": {
    "criteria": {
      "entered_water": "2024-11-18 05:34:58 +0000"
    },
    "done": true
  },
  "minecraft:recipes/transportation/jungle_boat": {
    "criteria": {
      "entered_water": "2024-11-18 05:34:58 +0000"
    },
    "done": true
  },
  "minecraft:recipes/transportation/spruce_boat": {
    "criteria": {
      "entered_water": "2024-11-18 05:34:58 +0000"
    },
    "done": true
  },
  "minecraft:recipes/decorations/jukebox": {
    "criteria": {
      "has_diamond": "2024-11-18 05:51:48 +0000"
    },
    "done": true
  }
}